raceId;year;circuitId;name;date
1;2009;1;Australian Grand Prix;29/03/2009
2;2009;2;Malaysian Grand Prix;05/04/2009
3;2009;17;Chinese Grand Prix;19/04/2009
4;2009;3;Bahrain Grand Prix;26/04/2009
5;2009;4;Spanish Grand Prix;10/05/2009
6;2009;6;Monaco Grand Prix;24/05/2009
7;2009;5;Turkish Grand Prix;07/06/2009
8;2009;9;British Grand Prix;21/06/2009
9;2009;20;German Grand Prix;12/07/2009
10;2009;11;Hungarian Grand Prix;26/07/2009
11;2009;12;European Grand Prix;23/08/2009
12;2009;13;Belgian Grand Prix;30/08/2009
13;2009;14;Italian Grand Prix;13/09/2009
14;2009;15;Singapore Grand Prix;27/09/2009
15;2009;22;Japanese Grand Prix;04/10/2009
16;2009;18;Brazilian Grand Prix;18/10/2009
17;2009;24;Abu Dhabi Grand Prix;01/11/2009
18;2008;1;Australian Grand Prix;16/03/2008
19;2008;2;Malaysian Grand Prix;23/03/2008
20;2008;3;Bahrain Grand Prix;06/04/2008
21;2008;4;Spanish Grand Prix;27/04/2008
22;2008;5;Turkish Grand Prix;11/05/2008
23;2008;6;Monaco Grand Prix;25/05/2008
24;2008;7;Canadian Grand Prix;08/06/2008
25;2008;8;French Grand Prix;22/06/2008
26;2008;9;British Grand Prix;06/07/2008
27;2008;10;German Grand Prix;20/07/2008
28;2008;11;Hungarian Grand Prix;03/08/2008
29;2008;12;European Grand Prix;24/08/2008
30;2008;13;Belgian Grand Prix;07/09/2008
31;2008;14;Italian Grand Prix;14/09/2008
32;2008;15;Singapore Grand Prix;28/09/2008
33;2008;16;Japanese Grand Prix;12/10/2008
34;2008;17;Chinese Grand Prix;19/10/2008
35;2008;18;Brazilian Grand Prix;02/11/2008
36;2007;1;Australian Grand Prix;18/03/2007
37;2007;2;Malaysian Grand Prix;08/04/2007
38;2007;3;Bahrain Grand Prix;15/04/2007
39;2007;4;Spanish Grand Prix;13/05/2007
40;2007;6;Monaco Grand Prix;27/05/2007
41;2007;7;Canadian Grand Prix;10/06/2007
42;2007;19;United States Grand Prix;17/06/2007
43;2007;8;French Grand Prix;01/07/2007
44;2007;9;British Grand Prix;08/07/2007
45;2007;20;European Grand Prix;22/07/2007
46;2007;11;Hungarian Grand Prix;05/08/2007
47;2007;5;Turkish Grand Prix;26/08/2007
48;2007;14;Italian Grand Prix;09/09/2007
49;2007;13;Belgian Grand Prix;16/09/2007
50;2007;16;Japanese Grand Prix;30/09/2007
51;2007;17;Chinese Grand Prix;07/10/2007
52;2007;18;Brazilian Grand Prix;21/10/2007
53;2006;3;Bahrain Grand Prix;12/03/2006
54;2006;2;Malaysian Grand Prix;19/03/2006
55;2006;1;Australian Grand Prix;02/04/2006
56;2006;21;San Marino Grand Prix;23/04/2006
57;2006;20;European Grand Prix;07/05/2006
58;2006;4;Spanish Grand Prix;14/05/2006
59;2006;6;Monaco Grand Prix;28/05/2006
60;2006;9;British Grand Prix;11/06/2006
61;2006;7;Canadian Grand Prix;25/06/2006
62;2006;19;United States Grand Prix;02/07/2006
63;2006;8;French Grand Prix;16/07/2006
64;2006;10;German Grand Prix;30/07/2006
65;2006;11;Hungarian Grand Prix;06/08/2006
66;2006;5;Turkish Grand Prix;27/08/2006
67;2006;14;Italian Grand Prix;10/09/2006
68;2006;17;Chinese Grand Prix;01/10/2006
69;2006;22;Japanese Grand Prix;08/10/2006
70;2006;18;Brazilian Grand Prix;22/10/2006
71;2005;1;Australian Grand Prix;06/03/2005
72;2005;2;Malaysian Grand Prix;20/03/2005
73;2005;3;Bahrain Grand Prix;03/04/2005
74;2005;21;San Marino Grand Prix;24/04/2005
75;2005;4;Spanish Grand Prix;08/05/2005
76;2005;6;Monaco Grand Prix;22/05/2005
77;2005;20;European Grand Prix;29/05/2005
78;2005;7;Canadian Grand Prix;12/06/2005
79;2005;19;United States Grand Prix;19/06/2005
80;2005;8;French Grand Prix;03/07/2005
81;2005;9;British Grand Prix;10/07/2005
82;2005;10;German Grand Prix;24/07/2005
83;2005;11;Hungarian Grand Prix;31/07/2005
84;2005;5;Turkish Grand Prix;21/08/2005
85;2005;14;Italian Grand Prix;04/09/2005
86;2005;13;Belgian Grand Prix;11/09/2005
87;2005;18;Brazilian Grand Prix;25/09/2005
88;2005;22;Japanese Grand Prix;09/10/2005
89;2005;17;Chinese Grand Prix;16/10/2005
90;2004;1;Australian Grand Prix;07/03/2004
91;2004;2;Malaysian Grand Prix;21/03/2004
92;2004;3;Bahrain Grand Prix;04/04/2004
93;2004;21;San Marino Grand Prix;25/04/2004
94;2004;4;Spanish Grand Prix;09/05/2004
95;2004;6;Monaco Grand Prix;23/05/2004
96;2004;20;European Grand Prix;30/05/2004
97;2004;7;Canadian Grand Prix;13/06/2004
98;2004;19;United States Grand Prix;20/06/2004
99;2004;8;French Grand Prix;04/07/2004
100;2004;9;British Grand Prix;11/07/2004
101;2004;10;German Grand Prix;25/07/2004
102;2004;11;Hungarian Grand Prix;15/08/2004
103;2004;13;Belgian Grand Prix;29/08/2004
104;2004;14;Italian Grand Prix;12/09/2004
105;2004;17;Chinese Grand Prix;26/09/2004
106;2004;22;Japanese Grand Prix;10/10/2004
107;2004;18;Brazilian Grand Prix;24/10/2004
108;2003;1;Australian Grand Prix;09/03/2003
109;2003;2;Malaysian Grand Prix;23/03/2003
110;2003;18;Brazilian Grand Prix;06/04/2003
111;2003;21;San Marino Grand Prix;20/04/2003
112;2003;4;Spanish Grand Prix;04/05/2003
113;2003;70;Austrian Grand Prix;18/05/2003
114;2003;6;Monaco Grand Prix;01/06/2003
115;2003;7;Canadian Grand Prix;15/06/2003
116;2003;20;European Grand Prix;29/06/2003
117;2003;8;French Grand Prix;06/07/2003
118;2003;9;British Grand Prix;20/07/2003
119;2003;10;German Grand Prix;03/08/2003
120;2003;11;Hungarian Grand Prix;24/08/2003
121;2003;14;Italian Grand Prix;14/09/2003
122;2003;19;United States Grand Prix;28/09/2003
123;2003;22;Japanese Grand Prix;12/10/2003
124;2002;1;Australian Grand Prix;03/03/2002
125;2002;2;Malaysian Grand Prix;17/03/2002
126;2002;18;Brazilian Grand Prix;31/03/2002
127;2002;21;San Marino Grand Prix;14/04/2002
128;2002;4;Spanish Grand Prix;28/04/2002
129;2002;70;Austrian Grand Prix;12/05/2002
130;2002;6;Monaco Grand Prix;26/05/2002
131;2002;7;Canadian Grand Prix;09/06/2002
132;2002;20;European Grand Prix;23/06/2002
133;2002;9;British Grand Prix;07/07/2002
134;2002;8;French Grand Prix;21/07/2002
135;2002;10;German Grand Prix;28/07/2002
136;2002;11;Hungarian Grand Prix;18/08/2002
137;2002;13;Belgian Grand Prix;01/09/2002
138;2002;14;Italian Grand Prix;15/09/2002
139;2002;19;United States Grand Prix;29/09/2002
140;2002;22;Japanese Grand Prix;13/10/2002
141;2001;1;Australian Grand Prix;04/03/2001
142;2001;2;Malaysian Grand Prix;18/03/2001
143;2001;18;Brazilian Grand Prix;01/04/2001
144;2001;21;San Marino Grand Prix;15/04/2001
145;2001;4;Spanish Grand Prix;29/04/2001
146;2001;70;Austrian Grand Prix;13/05/2001
147;2001;6;Monaco Grand Prix;27/05/2001
148;2001;7;Canadian Grand Prix;10/06/2001
149;2001;20;European Grand Prix;24/06/2001
150;2001;8;French Grand Prix;01/07/2001
151;2001;9;British Grand Prix;15/07/2001
152;2001;10;German Grand Prix;29/07/2001
153;2001;11;Hungarian Grand Prix;19/08/2001
154;2001;13;Belgian Grand Prix;02/09/2001
155;2001;14;Italian Grand Prix;16/09/2001
156;2001;19;United States Grand Prix;30/09/2001
157;2001;22;Japanese Grand Prix;14/10/2001
158;2000;1;Australian Grand Prix;12/03/2000
159;2000;18;Brazilian Grand Prix;26/03/2000
160;2000;21;San Marino Grand Prix;09/04/2000
161;2000;9;British Grand Prix;23/04/2000
162;2000;4;Spanish Grand Prix;07/05/2000
163;2000;20;European Grand Prix;21/05/2000
164;2000;6;Monaco Grand Prix;04/06/2000
165;2000;7;Canadian Grand Prix;18/06/2000
166;2000;8;French Grand Prix;02/07/2000
167;2000;70;Austrian Grand Prix;16/07/2000
168;2000;10;German Grand Prix;30/07/2000
169;2000;11;Hungarian Grand Prix;13/08/2000
170;2000;13;Belgian Grand Prix;27/08/2000
171;2000;14;Italian Grand Prix;10/09/2000
172;2000;19;United States Grand Prix;24/09/2000
173;2000;22;Japanese Grand Prix;08/10/2000
174;2000;2;Malaysian Grand Prix;22/10/2000
175;1999;1;Australian Grand Prix;07/03/1999
176;1999;18;Brazilian Grand Prix;11/04/1999
177;1999;21;San Marino Grand Prix;02/05/1999
178;1999;6;Monaco Grand Prix;16/05/1999
179;1999;4;Spanish Grand Prix;30/05/1999
180;1999;7;Canadian Grand Prix;13/06/1999
181;1999;8;French Grand Prix;27/06/1999
182;1999;9;British Grand Prix;11/07/1999
183;1999;70;Austrian Grand Prix;25/07/1999
184;1999;10;German Grand Prix;01/08/1999
185;1999;11;Hungarian Grand Prix;15/08/1999
186;1999;13;Belgian Grand Prix;29/08/1999
187;1999;14;Italian Grand Prix;12/09/1999
188;1999;20;European Grand Prix;26/09/1999
189;1999;2;Malaysian Grand Prix;17/10/1999
190;1999;22;Japanese Grand Prix;31/10/1999
191;1998;1;Australian Grand Prix;08/03/1998
192;1998;18;Brazilian Grand Prix;29/03/1998
193;1998;25;Argentine Grand Prix;12/04/1998
194;1998;21;San Marino Grand Prix;26/04/1998
195;1998;4;Spanish Grand Prix;10/05/1998
196;1998;6;Monaco Grand Prix;24/05/1998
197;1998;7;Canadian Grand Prix;07/06/1998
198;1998;8;French Grand Prix;28/06/1998
199;1998;9;British Grand Prix;12/07/1998
200;1998;70;Austrian Grand Prix;26/07/1998
201;1998;10;German Grand Prix;02/08/1998
202;1998;11;Hungarian Grand Prix;16/08/1998
203;1998;13;Belgian Grand Prix;30/08/1998
204;1998;14;Italian Grand Prix;13/09/1998
205;1998;20;Luxembourg Grand Prix;27/09/1998
206;1998;22;Japanese Grand Prix;01/11/1998
207;1997;1;Australian Grand Prix;09/03/1997
208;1997;18;Brazilian Grand Prix;30/03/1997
209;1997;25;Argentine Grand Prix;13/04/1997
210;1997;21;San Marino Grand Prix;27/04/1997
211;1997;6;Monaco Grand Prix;11/05/1997
212;1997;4;Spanish Grand Prix;25/05/1997
213;1997;7;Canadian Grand Prix;15/06/1997
214;1997;8;French Grand Prix;29/06/1997
215;1997;9;British Grand Prix;13/07/1997
216;1997;10;German Grand Prix;27/07/1997
217;1997;11;Hungarian Grand Prix;10/08/1997
218;1997;13;Belgian Grand Prix;24/08/1997
219;1997;14;Italian Grand Prix;07/09/1997
220;1997;70;Austrian Grand Prix;21/09/1997
221;1997;20;Luxembourg Grand Prix;28/09/1997
222;1997;22;Japanese Grand Prix;12/10/1997
223;1997;26;European Grand Prix;26/10/1997
224;1996;1;Australian Grand Prix;10/03/1996
225;1996;18;Brazilian Grand Prix;31/03/1996
226;1996;25;Argentine Grand Prix;07/04/1996
227;1996;20;European Grand Prix;28/04/1996
228;1996;21;San Marino Grand Prix;05/05/1996
229;1996;6;Monaco Grand Prix;19/05/1996
230;1996;4;Spanish Grand Prix;02/06/1996
231;1996;7;Canadian Grand Prix;16/06/1996
232;1996;8;French Grand Prix;30/06/1996
233;1996;9;British Grand Prix;14/07/1996
234;1996;10;German Grand Prix;28/07/1996
235;1996;11;Hungarian Grand Prix;11/08/1996
236;1996;13;Belgian Grand Prix;25/08/1996
237;1996;14;Italian Grand Prix;08/09/1996
238;1996;27;Portuguese Grand Prix;22/09/1996
239;1996;22;Japanese Grand Prix;13/10/1996
240;1995;18;Brazilian Grand Prix;26/03/1995
241;1995;25;Argentine Grand Prix;09/04/1995
242;1995;21;San Marino Grand Prix;30/04/1995
243;1995;4;Spanish Grand Prix;14/05/1995
244;1995;6;Monaco Grand Prix;28/05/1995
245;1995;7;Canadian Grand Prix;11/06/1995
246;1995;8;French Grand Prix;02/07/1995
247;1995;9;British Grand Prix;16/07/1995
248;1995;10;German Grand Prix;30/07/1995
249;1995;11;Hungarian Grand Prix;13/08/1995
250;1995;13;Belgian Grand Prix;27/08/1995
251;1995;14;Italian Grand Prix;10/09/1995
252;1995;27;Portuguese Grand Prix;24/09/1995
253;1995;20;European Grand Prix;01/10/1995
254;1995;28;Pacific Grand Prix;22/10/1995
255;1995;22;Japanese Grand Prix;29/10/1995
256;1995;29;Australian Grand Prix;12/11/1995
257;1994;18;Brazilian Grand Prix;27/03/1994
258;1994;28;Pacific Grand Prix;17/04/1994
259;1994;21;San Marino Grand Prix;01/05/1994
260;1994;6;Monaco Grand Prix;15/05/1994
261;1994;4;Spanish Grand Prix;29/05/1994
262;1994;7;Canadian Grand Prix;12/06/1994
263;1994;8;French Grand Prix;03/07/1994
264;1994;9;British Grand Prix;10/07/1994
265;1994;10;German Grand Prix;31/07/1994
266;1994;11;Hungarian Grand Prix;14/08/1994
267;1994;13;Belgian Grand Prix;28/08/1994
268;1994;14;Italian Grand Prix;11/09/1994
269;1994;27;Portuguese Grand Prix;25/09/1994
270;1994;26;European Grand Prix;16/10/1994
271;1994;22;Japanese Grand Prix;06/11/1994
272;1994;29;Australian Grand Prix;13/11/1994
273;1993;30;South African Grand Prix;14/03/1993
274;1993;18;Brazilian Grand Prix;28/03/1993
275;1993;31;European Grand Prix;11/04/1993
276;1993;21;San Marino Grand Prix;25/04/1993
277;1993;4;Spanish Grand Prix;09/05/1993
278;1993;6;Monaco Grand Prix;23/05/1993
279;1993;7;Canadian Grand Prix;13/06/1993
280;1993;8;French Grand Prix;04/07/1993
281;1993;9;British Grand Prix;11/07/1993
282;1993;10;German Grand Prix;25/07/1993
283;1993;11;Hungarian Grand Prix;15/08/1993
284;1993;13;Belgian Grand Prix;29/08/1993
285;1993;14;Italian Grand Prix;12/09/1993
286;1993;27;Portuguese Grand Prix;26/09/1993
287;1993;22;Japanese Grand Prix;24/10/1993
288;1993;29;Australian Grand Prix;07/11/1993
289;1992;30;South African Grand Prix;01/03/1992
290;1992;32;Mexican Grand Prix;22/03/1992
291;1992;18;Brazilian Grand Prix;05/04/1992
292;1992;4;Spanish Grand Prix;03/05/1992
293;1992;21;San Marino Grand Prix;17/05/1992
294;1992;6;Monaco Grand Prix;31/05/1992
295;1992;7;Canadian Grand Prix;14/06/1992
296;1992;8;French Grand Prix;05/07/1992
297;1992;9;British Grand Prix;12/07/1992
298;1992;10;German Grand Prix;26/07/1992
299;1992;11;Hungarian Grand Prix;16/08/1992
300;1992;13;Belgian Grand Prix;30/08/1992
301;1992;14;Italian Grand Prix;13/09/1992
302;1992;27;Portuguese Grand Prix;27/09/1992
303;1992;22;Japanese Grand Prix;25/10/1992
304;1992;29;Australian Grand Prix;08/11/1992
305;1991;33;United States Grand Prix;10/03/1991
306;1991;18;Brazilian Grand Prix;24/03/1991
307;1991;21;San Marino Grand Prix;28/04/1991
308;1991;6;Monaco Grand Prix;12/05/1991
309;1991;7;Canadian Grand Prix;02/06/1991
310;1991;32;Mexican Grand Prix;16/06/1991
311;1991;8;French Grand Prix;07/07/1991
312;1991;9;British Grand Prix;14/07/1991
313;1991;10;German Grand Prix;28/07/1991
314;1991;11;Hungarian Grand Prix;11/08/1991
315;1991;13;Belgian Grand Prix;25/08/1991
316;1991;14;Italian Grand Prix;08/09/1991
317;1991;27;Portuguese Grand Prix;22/09/1991
318;1991;4;Spanish Grand Prix;29/09/1991
319;1991;22;Japanese Grand Prix;20/10/1991
320;1991;29;Australian Grand Prix;03/11/1991
321;1990;33;United States Grand Prix;11/03/1990
322;1990;18;Brazilian Grand Prix;25/03/1990
323;1990;21;San Marino Grand Prix;13/05/1990
324;1990;6;Monaco Grand Prix;27/05/1990
325;1990;7;Canadian Grand Prix;10/06/1990
326;1990;32;Mexican Grand Prix;24/06/1990
327;1990;34;French Grand Prix;08/07/1990
328;1990;9;British Grand Prix;15/07/1990
329;1990;10;German Grand Prix;29/07/1990
330;1990;11;Hungarian Grand Prix;12/08/1990
331;1990;13;Belgian Grand Prix;26/08/1990
332;1990;14;Italian Grand Prix;09/09/1990
333;1990;27;Portuguese Grand Prix;23/09/1990
334;1990;26;Spanish Grand Prix;30/09/1990
335;1990;22;Japanese Grand Prix;21/10/1990
336;1990;29;Australian Grand Prix;04/11/1990
337;2010;3;Bahrain Grand Prix;14/03/2010
338;2010;1;Australian Grand Prix;28/03/2010
339;2010;2;Malaysian Grand Prix;04/04/2010
340;2010;17;Chinese Grand Prix;18/04/2010
341;2010;4;Spanish Grand Prix;09/05/2010
342;2010;6;Monaco Grand Prix;16/05/2010
343;2010;5;Turkish Grand Prix;30/05/2010
344;2010;7;Canadian Grand Prix;13/06/2010
345;2010;12;European Grand Prix;27/06/2010
346;2010;9;British Grand Prix;11/07/2010
347;2010;10;German Grand Prix;25/07/2010
348;2010;11;Hungarian Grand Prix;01/08/2010
349;2010;13;Belgian Grand Prix;29/08/2010
350;2010;14;Italian Grand Prix;12/09/2010
351;2010;15;Singapore Grand Prix;26/09/2010
352;2010;22;Japanese Grand Prix;10/10/2010
353;2010;35;Korean Grand Prix;24/10/2010
354;2010;18;Brazilian Grand Prix;07/11/2010
355;2010;24;Abu Dhabi Grand Prix;14/11/2010
356;1989;36;Brazilian Grand Prix;26/03/1989
357;1989;21;San Marino Grand Prix;23/04/1989
358;1989;6;Monaco Grand Prix;07/05/1989
359;1989;32;Mexican Grand Prix;28/05/1989
360;1989;33;United States Grand Prix;04/06/1989
361;1989;7;Canadian Grand Prix;18/06/1989
362;1989;34;French Grand Prix;09/07/1989
363;1989;9;British Grand Prix;16/07/1989
364;1989;10;German Grand Prix;30/07/1989
365;1989;11;Hungarian Grand Prix;13/08/1989
366;1989;13;Belgian Grand Prix;27/08/1989
367;1989;14;Italian Grand Prix;10/09/1989
368;1989;27;Portuguese Grand Prix;24/09/1989
369;1989;26;Spanish Grand Prix;01/10/1989
370;1989;22;Japanese Grand Prix;22/10/1989
371;1989;29;Australian Grand Prix;05/11/1989
372;1988;36;Brazilian Grand Prix;03/04/1988
373;1988;21;San Marino Grand Prix;01/05/1988
374;1988;6;Monaco Grand Prix;15/05/1988
375;1988;32;Mexican Grand Prix;29/05/1988
376;1988;7;Canadian Grand Prix;12/06/1988
377;1988;37;Detroit Grand Prix;19/06/1988
378;1988;34;French Grand Prix;03/07/1988
379;1988;9;British Grand Prix;10/07/1988
380;1988;10;German Grand Prix;24/07/1988
381;1988;11;Hungarian Grand Prix;07/08/1988
382;1988;13;Belgian Grand Prix;28/08/1988
383;1988;14;Italian Grand Prix;11/09/1988
384;1988;27;Portuguese Grand Prix;25/09/1988
385;1988;26;Spanish Grand Prix;02/10/1988
386;1988;22;Japanese Grand Prix;30/10/1988
387;1988;29;Australian Grand Prix;13/11/1988
388;1987;36;Brazilian Grand Prix;12/04/1987
389;1987;21;San Marino Grand Prix;03/05/1987
390;1987;13;Belgian Grand Prix;17/05/1987
391;1987;6;Monaco Grand Prix;31/05/1987
392;1987;37;Detroit Grand Prix;21/06/1987
393;1987;34;French Grand Prix;05/07/1987
394;1987;9;British Grand Prix;12/07/1987
395;1987;10;German Grand Prix;26/07/1987
396;1987;11;Hungarian Grand Prix;09/08/1987
397;1987;70;Austrian Grand Prix;16/08/1987
398;1987;14;Italian Grand Prix;06/09/1987
399;1987;27;Portuguese Grand Prix;20/09/1987
400;1987;26;Spanish Grand Prix;27/09/1987
401;1987;32;Mexican Grand Prix;18/10/1987
402;1987;22;Japanese Grand Prix;01/11/1987
403;1987;29;Australian Grand Prix;15/11/1987
404;1986;36;Brazilian Grand Prix;23/03/1986
405;1986;26;Spanish Grand Prix;13/04/1986
406;1986;21;San Marino Grand Prix;27/04/1986
407;1986;6;Monaco Grand Prix;11/05/1986
408;1986;13;Belgian Grand Prix;25/05/1986
409;1986;7;Canadian Grand Prix;15/06/1986
410;1986;37;Detroit Grand Prix;22/06/1986
411;1986;34;French Grand Prix;06/07/1986
412;1986;38;British Grand Prix;13/07/1986
413;1986;10;German Grand Prix;27/07/1986
414;1986;11;Hungarian Grand Prix;10/08/1986
415;1986;70;Austrian Grand Prix;17/08/1986
416;1986;14;Italian Grand Prix;07/09/1986
417;1986;27;Portuguese Grand Prix;21/09/1986
418;1986;32;Mexican Grand Prix;12/10/1986
419;1986;29;Australian Grand Prix;26/10/1986
420;1985;36;Brazilian Grand Prix;07/04/1985
421;1985;27;Portuguese Grand Prix;21/04/1985
422;1985;21;San Marino Grand Prix;05/05/1985
423;1985;6;Monaco Grand Prix;19/05/1985
424;1985;7;Canadian Grand Prix;16/06/1985
425;1985;37;Detroit Grand Prix;23/06/1985
426;1985;34;French Grand Prix;07/07/1985
427;1985;9;British Grand Prix;21/07/1985
428;1985;20;German Grand Prix;04/08/1985
429;1985;70;Austrian Grand Prix;18/08/1985
430;1985;39;Dutch Grand Prix;25/08/1985
431;1985;14;Italian Grand Prix;08/09/1985
432;1985;13;Belgian Grand Prix;15/09/1985
433;1985;38;European Grand Prix;06/10/1985
434;1985;30;South African Grand Prix;19/10/1985
435;1985;29;Australian Grand Prix;03/11/1985
436;1984;36;Brazilian Grand Prix;25/03/1984
437;1984;30;South African Grand Prix;07/04/1984
438;1984;40;Belgian Grand Prix;29/04/1984
439;1984;21;San Marino Grand Prix;06/05/1984
440;1984;41;French Grand Prix;20/05/1984
441;1984;6;Monaco Grand Prix;03/06/1984
442;1984;7;Canadian Grand Prix;17/06/1984
443;1984;37;Detroit Grand Prix;24/06/1984
444;1984;42;Dallas Grand Prix;08/07/1984
445;1984;38;British Grand Prix;22/07/1984
446;1984;10;German Grand Prix;05/08/1984
447;1984;70;Austrian Grand Prix;19/08/1984
448;1984;39;Dutch Grand Prix;26/08/1984
449;1984;14;Italian Grand Prix;09/09/1984
450;1984;20;European Grand Prix;07/10/1984
451;1984;27;Portuguese Grand Prix;21/10/1984
452;1983;36;Brazilian Grand Prix;13/03/1983
453;1983;43;United States Grand Prix West;27/03/1983
454;1983;34;French Grand Prix;17/04/1983
455;1983;21;San Marino Grand Prix;01/05/1983
456;1983;6;Monaco Grand Prix;15/05/1983
457;1983;13;Belgian Grand Prix;22/05/1983
458;1983;37;Detroit Grand Prix;05/06/1983
459;1983;7;Canadian Grand Prix;12/06/1983
460;1983;9;British Grand Prix;16/07/1983
461;1983;10;German Grand Prix;07/08/1983
462;1983;70;Austrian Grand Prix;14/08/1983
463;1983;39;Dutch Grand Prix;28/08/1983
464;1983;14;Italian Grand Prix;11/09/1983
465;1983;38;European Grand Prix;25/09/1983
466;1983;30;South African Grand Prix;15/10/1983
467;1982;30;South African Grand Prix;23/01/1982
468;1982;36;Brazilian Grand Prix;21/03/1982
469;1982;43;United States Grand Prix West;04/04/1982
470;1982;21;San Marino Grand Prix;25/04/1982
471;1982;40;Belgian Grand Prix;09/05/1982
472;1982;6;Monaco Grand Prix;23/05/1982
473;1982;37;Detroit Grand Prix;06/06/1982
474;1982;7;Canadian Grand Prix;13/06/1982
475;1982;39;Dutch Grand Prix;03/07/1982
476;1982;38;British Grand Prix;18/07/1982
477;1982;34;French Grand Prix;25/07/1982
478;1982;10;German Grand Prix;08/08/1982
479;1982;70;Austrian Grand Prix;15/08/1982
480;1982;41;Swiss Grand Prix;29/08/1982
481;1982;14;Italian Grand Prix;12/09/1982
482;1982;44;Caesars Palace Grand Prix;25/09/1982
483;1981;43;United States Grand Prix West;15/03/1981
484;1981;36;Brazilian Grand Prix;29/03/1981
485;1981;25;Argentine Grand Prix;12/04/1981
486;1981;21;San Marino Grand Prix;03/05/1981
487;1981;40;Belgian Grand Prix;17/05/1981
488;1981;6;Monaco Grand Prix;31/05/1981
489;1981;45;Spanish Grand Prix;21/06/1981
490;1981;41;French Grand Prix;05/07/1981
491;1981;9;British Grand Prix;18/07/1981
492;1981;10;German Grand Prix;02/08/1981
493;1981;70;Austrian Grand Prix;16/08/1981
494;1981;39;Dutch Grand Prix;30/08/1981
495;1981;14;Italian Grand Prix;13/09/1981
496;1981;7;Canadian Grand Prix;27/09/1981
497;1981;44;Caesars Palace Grand Prix;17/10/1981
498;1980;25;Argentine Grand Prix;13/01/1980
499;1980;18;Brazilian Grand Prix;27/01/1980
500;1980;30;South African Grand Prix;01/03/1980
501;1980;43;United States Grand Prix West;30/03/1980
502;1980;40;Belgian Grand Prix;04/05/1980
503;1980;6;Monaco Grand Prix;18/05/1980
504;1980;34;French Grand Prix;29/06/1980
505;1980;38;British Grand Prix;13/07/1980
506;1980;10;German Grand Prix;10/08/1980
507;1980;70;Austrian Grand Prix;17/08/1980
508;1980;39;Dutch Grand Prix;31/08/1980
509;1980;21;Italian Grand Prix;14/09/1980
510;1980;7;Canadian Grand Prix;28/09/1980
511;1980;46;United States Grand Prix;05/10/1980
512;1979;25;Argentine Grand Prix;21/01/1979
513;1979;18;Brazilian Grand Prix;04/02/1979
514;1979;30;South African Grand Prix;03/03/1979
515;1979;43;United States Grand Prix West;08/04/1979
516;1979;45;Spanish Grand Prix;29/04/1979
517;1979;40;Belgian Grand Prix;13/05/1979
518;1979;6;Monaco Grand Prix;27/05/1979
519;1979;41;French Grand Prix;01/07/1979
520;1979;9;British Grand Prix;14/07/1979
521;1979;10;German Grand Prix;29/07/1979
522;1979;70;Austrian Grand Prix;12/08/1979
523;1979;39;Dutch Grand Prix;26/08/1979
524;1979;14;Italian Grand Prix;09/09/1979
525;1979;7;Canadian Grand Prix;30/09/1979
526;1979;46;United States Grand Prix;07/10/1979
527;1978;25;Argentine Grand Prix;15/01/1978
528;1978;36;Brazilian Grand Prix;29/01/1978
529;1978;30;South African Grand Prix;04/03/1978
530;1978;43;United States Grand Prix West;02/04/1978
531;1978;6;Monaco Grand Prix;07/05/1978
532;1978;40;Belgian Grand Prix;21/05/1978
533;1978;45;Spanish Grand Prix;04/06/1978
534;1978;47;Swedish Grand Prix;17/06/1978
535;1978;34;French Grand Prix;02/07/1978
536;1978;38;British Grand Prix;16/07/1978
537;1978;10;German Grand Prix;30/07/1978
538;1978;70;Austrian Grand Prix;13/08/1978
539;1978;39;Dutch Grand Prix;27/08/1978
540;1978;14;Italian Grand Prix;10/09/1978
541;1978;46;United States Grand Prix;01/10/1978
542;1978;7;Canadian Grand Prix;08/10/1978
543;1977;25;Argentine Grand Prix;09/01/1977
544;1977;18;Brazilian Grand Prix;23/01/1977
545;1977;30;South African Grand Prix;05/03/1977
546;1977;43;United States Grand Prix West;03/04/1977
547;1977;45;Spanish Grand Prix;08/05/1977
548;1977;6;Monaco Grand Prix;22/05/1977
549;1977;40;Belgian Grand Prix;05/06/1977
550;1977;47;Swedish Grand Prix;19/06/1977
551;1977;41;French Grand Prix;03/07/1977
552;1977;9;British Grand Prix;16/07/1977
553;1977;10;German Grand Prix;31/07/1977
554;1977;70;Austrian Grand Prix;14/08/1977
555;1977;39;Dutch Grand Prix;28/08/1977
556;1977;14;Italian Grand Prix;11/09/1977
557;1977;46;United States Grand Prix;02/10/1977
558;1977;48;Canadian Grand Prix;09/10/1977
559;1977;16;Japanese Grand Prix;23/10/1977
560;1976;18;Brazilian Grand Prix;25/01/1976
561;1976;30;South African Grand Prix;06/03/1976
562;1976;43;United States Grand Prix West;28/03/1976
563;1976;45;Spanish Grand Prix;02/05/1976
564;1976;40;Belgian Grand Prix;16/05/1976
565;1976;6;Monaco Grand Prix;30/05/1976
566;1976;47;Swedish Grand Prix;13/06/1976
567;1976;34;French Grand Prix;04/07/1976
568;1976;38;British Grand Prix;18/07/1976
569;1976;20;German Grand Prix;01/08/1976
570;1976;70;Austrian Grand Prix;15/08/1976
571;1976;39;Dutch Grand Prix;29/08/1976
572;1976;14;Italian Grand Prix;12/09/1976
573;1976;48;Canadian Grand Prix;03/10/1976
574;1976;46;United States Grand Prix;10/10/1976
575;1976;16;Japanese Grand Prix;24/10/1976
576;1975;25;Argentine Grand Prix;12/01/1975
577;1975;18;Brazilian Grand Prix;26/01/1975
578;1975;30;South African Grand Prix;01/03/1975
579;1975;49;Spanish Grand Prix;27/04/1975
580;1975;6;Monaco Grand Prix;11/05/1975
581;1975;40;Belgian Grand Prix;25/05/1975
582;1975;47;Swedish Grand Prix;08/06/1975
583;1975;39;Dutch Grand Prix;22/06/1975
584;1975;34;French Grand Prix;06/07/1975
585;1975;9;British Grand Prix;19/07/1975
586;1975;20;German Grand Prix;03/08/1975
587;1975;70;Austrian Grand Prix;17/08/1975
588;1975;14;Italian Grand Prix;07/09/1975
589;1975;46;United States Grand Prix;05/10/1975
590;1974;25;Argentine Grand Prix;13/01/1974
591;1974;18;Brazilian Grand Prix;27/01/1974
592;1974;30;South African Grand Prix;30/03/1974
593;1974;45;Spanish Grand Prix;28/04/1974
594;1974;50;Belgian Grand Prix;12/05/1974
595;1974;6;Monaco Grand Prix;26/05/1974
596;1974;47;Swedish Grand Prix;09/06/1974
597;1974;39;Dutch Grand Prix;23/06/1974
598;1974;41;French Grand Prix;07/07/1974
599;1974;38;British Grand Prix;20/07/1974
600;1974;20;German Grand Prix;04/08/1974
601;1974;70;Austrian Grand Prix;18/08/1974
602;1974;14;Italian Grand Prix;08/09/1974
603;1974;48;Canadian Grand Prix;22/09/1974
604;1974;46;United States Grand Prix;06/10/1974
605;1973;25;Argentine Grand Prix;28/01/1973
606;1973;18;Brazilian Grand Prix;11/02/1973
607;1973;30;South African Grand Prix;03/03/1973
608;1973;49;Spanish Grand Prix;29/04/1973
609;1973;40;Belgian Grand Prix;20/05/1973
610;1973;6;Monaco Grand Prix;03/06/1973
611;1973;47;Swedish Grand Prix;17/06/1973
612;1973;34;French Grand Prix;01/07/1973
613;1973;9;British Grand Prix;14/07/1973
614;1973;39;Dutch Grand Prix;29/07/1973
615;1973;20;German Grand Prix;05/08/1973
616;1973;70;Austrian Grand Prix;19/08/1973
617;1973;14;Italian Grand Prix;09/09/1973
618;1973;48;Canadian Grand Prix;23/09/1973
619;1973;46;United States Grand Prix;07/10/1973
620;1972;25;Argentine Grand Prix;23/01/1972
621;1972;30;South African Grand Prix;04/03/1972
622;1972;45;Spanish Grand Prix;01/05/1972
623;1972;6;Monaco Grand Prix;14/05/1972
624;1972;50;Belgian Grand Prix;04/06/1972
625;1972;51;French Grand Prix;02/07/1972
626;1972;38;British Grand Prix;15/07/1972
627;1972;20;German Grand Prix;30/07/1972
628;1972;70;Austrian Grand Prix;13/08/1972
629;1972;14;Italian Grand Prix;10/09/1972
630;1972;48;Canadian Grand Prix;24/09/1972
631;1972;46;United States Grand Prix;08/10/1972
632;1971;30;South African Grand Prix;06/03/1971
633;1971;49;Spanish Grand Prix;18/04/1971
634;1971;6;Monaco Grand Prix;23/05/1971
635;1971;39;Dutch Grand Prix;20/06/1971
636;1971;34;French Grand Prix;04/07/1971
637;1971;9;British Grand Prix;17/07/1971
638;1971;20;German Grand Prix;01/08/1971
639;1971;70;Austrian Grand Prix;15/08/1971
640;1971;14;Italian Grand Prix;05/09/1971
641;1971;48;Canadian Grand Prix;19/09/1971
642;1971;46;United States Grand Prix;03/10/1971
643;1970;30;South African Grand Prix;07/03/1970
644;1970;45;Spanish Grand Prix;19/04/1970
645;1970;6;Monaco Grand Prix;10/05/1970
646;1970;13;Belgian Grand Prix;07/06/1970
647;1970;39;Dutch Grand Prix;21/06/1970
648;1970;51;French Grand Prix;05/07/1970
649;1970;38;British Grand Prix;18/07/1970
650;1970;10;German Grand Prix;02/08/1970
651;1970;70;Austrian Grand Prix;16/08/1970
652;1970;14;Italian Grand Prix;06/09/1970
653;1970;52;Canadian Grand Prix;20/09/1970
654;1970;46;United States Grand Prix;04/10/1970
655;1970;32;Mexican Grand Prix;25/10/1970
656;1969;30;South African Grand Prix;01/03/1969
657;1969;49;Spanish Grand Prix;04/05/1969
658;1969;6;Monaco Grand Prix;18/05/1969
659;1969;39;Dutch Grand Prix;21/06/1969
660;1969;51;French Grand Prix;06/07/1969
661;1969;9;British Grand Prix;19/07/1969
662;1969;20;German Grand Prix;03/08/1969
663;1969;14;Italian Grand Prix;07/09/1969
664;1969;48;Canadian Grand Prix;20/09/1969
665;1969;46;United States Grand Prix;05/10/1969
666;1969;32;Mexican Grand Prix;19/10/1969
667;1968;30;South African Grand Prix;01/01/1968
668;1968;45;Spanish Grand Prix;12/05/1968
669;1968;6;Monaco Grand Prix;26/05/1968
670;1968;13;Belgian Grand Prix;09/06/1968
671;1968;39;Dutch Grand Prix;23/06/1968
672;1968;53;French Grand Prix;07/07/1968
673;1968;38;British Grand Prix;20/07/1968
674;1968;20;German Grand Prix;04/08/1968
675;1968;14;Italian Grand Prix;08/09/1968
676;1968;52;Canadian Grand Prix;22/09/1968
677;1968;46;United States Grand Prix;06/10/1968
678;1968;32;Mexican Grand Prix;03/11/1968
679;1967;30;South African Grand Prix;02/01/1967
680;1967;6;Monaco Grand Prix;07/05/1967
681;1967;39;Dutch Grand Prix;04/06/1967
682;1967;13;Belgian Grand Prix;18/06/1967
683;1967;54;French Grand Prix;02/07/1967
684;1967;9;British Grand Prix;15/07/1967
685;1967;20;German Grand Prix;06/08/1967
686;1967;48;Canadian Grand Prix;27/08/1967
687;1967;14;Italian Grand Prix;10/09/1967
688;1967;46;United States Grand Prix;01/10/1967
689;1967;32;Mexican Grand Prix;22/10/1967
690;1966;6;Monaco Grand Prix;22/05/1966
691;1966;13;Belgian Grand Prix;12/06/1966
692;1966;55;French Grand Prix;03/07/1966
693;1966;38;British Grand Prix;16/07/1966
694;1966;39;Dutch Grand Prix;24/07/1966
695;1966;20;German Grand Prix;07/08/1966
696;1966;14;Italian Grand Prix;04/09/1966
697;1966;46;United States Grand Prix;02/10/1966
698;1966;32;Mexican Grand Prix;23/10/1966
699;1965;56;South African Grand Prix;01/01/1965
700;1965;6;Monaco Grand Prix;30/05/1965
701;1965;13;Belgian Grand Prix;13/06/1965
702;1965;51;French Grand Prix;27/06/1965
703;1965;9;British Grand Prix;10/07/1965
704;1965;39;Dutch Grand Prix;18/07/1965
705;1965;20;German Grand Prix;01/08/1965
706;1965;14;Italian Grand Prix;12/09/1965
707;1965;46;United States Grand Prix;03/10/1965
708;1965;32;Mexican Grand Prix;24/10/1965
709;1964;6;Monaco Grand Prix;10/05/1964
710;1964;39;Dutch Grand Prix;24/05/1964
711;1964;13;Belgian Grand Prix;14/06/1964
712;1964;53;French Grand Prix;28/06/1964
713;1964;38;British Grand Prix;11/07/1964
714;1964;20;German Grand Prix;02/08/1964
715;1964;57;Austrian Grand Prix;23/08/1964
716;1964;14;Italian Grand Prix;06/09/1964
717;1964;46;United States Grand Prix;04/10/1964
718;1964;32;Mexican Grand Prix;25/10/1964
719;1963;6;Monaco Grand Prix;26/05/1963
720;1963;13;Belgian Grand Prix;09/06/1963
721;1963;39;Dutch Grand Prix;23/06/1963
722;1963;55;French Grand Prix;30/06/1963
723;1963;9;British Grand Prix;20/07/1963
724;1963;20;German Grand Prix;04/08/1963
725;1963;14;Italian Grand Prix;08/09/1963
726;1963;46;United States Grand Prix;06/10/1963
727;1963;32;Mexican Grand Prix;27/10/1963
728;1963;56;South African Grand Prix;28/12/1963
729;1962;39;Dutch Grand Prix;20/05/1962
730;1962;6;Monaco Grand Prix;03/06/1962
731;1962;13;Belgian Grand Prix;17/06/1962
732;1962;53;French Grand Prix;08/07/1962
733;1962;58;British Grand Prix;21/07/1962
734;1962;20;German Grand Prix;05/08/1962
735;1962;14;Italian Grand Prix;16/09/1962
736;1962;46;United States Grand Prix;07/10/1962
737;1962;56;South African Grand Prix;29/12/1962
738;1961;6;Monaco Grand Prix;14/05/1961
739;1961;39;Dutch Grand Prix;22/05/1961
740;1961;13;Belgian Grand Prix;18/06/1961
741;1961;55;French Grand Prix;02/07/1961
742;1961;58;British Grand Prix;15/07/1961
743;1961;20;German Grand Prix;06/08/1961
744;1961;14;Italian Grand Prix;10/09/1961
745;1961;46;United States Grand Prix;08/10/1961
746;1960;25;Argentine Grand Prix;07/02/1960
747;1960;6;Monaco Grand Prix;29/05/1960
748;1960;19;Indianapolis 500;30/05/1960
749;1960;39;Dutch Grand Prix;06/06/1960
750;1960;13;Belgian Grand Prix;19/06/1960
751;1960;55;French Grand Prix;03/07/1960
752;1960;9;British Grand Prix;16/07/1960
753;1960;59;Portuguese Grand Prix;14/08/1960
754;1960;14;Italian Grand Prix;04/09/1960
755;1960;60;United States Grand Prix;20/11/1960
756;1959;6;Monaco Grand Prix;10/05/1959
757;1959;19;Indianapolis 500;30/05/1959
758;1959;39;Dutch Grand Prix;31/05/1959
759;1959;55;French Grand Prix;05/07/1959
760;1959;58;British Grand Prix;18/07/1959
761;1959;61;German Grand Prix;02/08/1959
762;1959;62;Portuguese Grand Prix;23/08/1959
763;1959;14;Italian Grand Prix;13/09/1959
764;1959;63;United States Grand Prix;12/12/1959
765;1958;25;Argentine Grand Prix;19/01/1958
766;1958;6;Monaco Grand Prix;18/05/1958
767;1958;39;Dutch Grand Prix;26/05/1958
768;1958;19;Indianapolis 500;30/05/1958
769;1958;13;Belgian Grand Prix;15/06/1958
770;1958;55;French Grand Prix;06/07/1958
771;1958;9;British Grand Prix;19/07/1958
772;1958;20;German Grand Prix;03/08/1958
773;1958;59;Portuguese Grand Prix;24/08/1958
774;1958;14;Italian Grand Prix;07/09/1958
775;1958;64;Moroccan Grand Prix;19/10/1958
776;1957;25;Argentine Grand Prix;13/01/1957
777;1957;6;Monaco Grand Prix;19/05/1957
778;1957;19;Indianapolis 500;30/05/1957
779;1957;53;French Grand Prix;07/07/1957
780;1957;58;British Grand Prix;20/07/1957
781;1957;20;German Grand Prix;04/08/1957
782;1957;65;Pescara Grand Prix;18/08/1957
783;1957;14;Italian Grand Prix;08/09/1957
784;1956;25;Argentine Grand Prix;22/01/1956
785;1956;6;Monaco Grand Prix;13/05/1956
786;1956;19;Indianapolis 500;30/05/1956
787;1956;13;Belgian Grand Prix;03/06/1956
788;1956;55;French Grand Prix;01/07/1956
789;1956;9;British Grand Prix;14/07/1956
790;1956;20;German Grand Prix;05/08/1956
791;1956;14;Italian Grand Prix;02/09/1956
792;1955;25;Argentine Grand Prix;16/01/1955
793;1955;6;Monaco Grand Prix;22/05/1955
794;1955;19;Indianapolis 500;30/05/1955
795;1955;13;Belgian Grand Prix;05/06/1955
796;1955;39;Dutch Grand Prix;19/06/1955
797;1955;58;British Grand Prix;16/07/1955
798;1955;14;Italian Grand Prix;11/09/1955
799;1954;25;Argentine Grand Prix;17/01/1954
800;1954;19;Indianapolis 500;31/05/1954
801;1954;13;Belgian Grand Prix;20/06/1954
802;1954;55;French Grand Prix;04/07/1954
803;1954;9;British Grand Prix;17/07/1954
804;1954;20;German Grand Prix;01/08/1954
805;1954;66;Swiss Grand Prix;22/08/1954
806;1954;14;Italian Grand Prix;05/09/1954
807;1954;67;Spanish Grand Prix;24/10/1954
808;1953;25;Argentine Grand Prix;18/01/1953
809;1953;19;Indianapolis 500;30/05/1953
810;1953;39;Dutch Grand Prix;07/06/1953
811;1953;13;Belgian Grand Prix;21/06/1953
812;1953;55;French Grand Prix;05/07/1953
813;1953;9;British Grand Prix;18/07/1953
814;1953;20;German Grand Prix;02/08/1953
815;1953;66;Swiss Grand Prix;23/08/1953
816;1953;14;Italian Grand Prix;13/09/1953
817;1952;66;Swiss Grand Prix;18/05/1952
818;1952;19;Indianapolis 500;30/05/1952
819;1952;13;Belgian Grand Prix;22/06/1952
820;1952;53;French Grand Prix;06/07/1952
821;1952;9;British Grand Prix;19/07/1952
822;1952;20;German Grand Prix;03/08/1952
823;1952;39;Dutch Grand Prix;17/08/1952
824;1952;14;Italian Grand Prix;07/09/1952
825;1951;66;Swiss Grand Prix;27/05/1951
826;1951;19;Indianapolis 500;30/05/1951
827;1951;13;Belgian Grand Prix;17/06/1951
828;1951;55;French Grand Prix;01/07/1951
829;1951;9;British Grand Prix;14/07/1951
830;1951;20;German Grand Prix;29/07/1951
831;1951;14;Italian Grand Prix;16/09/1951
832;1951;67;Spanish Grand Prix;28/10/1951
833;1950;9;British Grand Prix;13/05/1950
834;1950;6;Monaco Grand Prix;21/05/1950
835;1950;19;Indianapolis 500;30/05/1950
836;1950;66;Swiss Grand Prix;04/06/1950
837;1950;13;Belgian Grand Prix;18/06/1950
838;1950;55;French Grand Prix;02/07/1950
839;1950;14;Italian Grand Prix;03/09/1950
841;2011;1;Australian Grand Prix;27/03/2011
842;2011;2;Malaysian Grand Prix;10/04/2011
843;2011;17;Chinese Grand Prix;17/04/2011
844;2011;5;Turkish Grand Prix;08/05/2011
845;2011;4;Spanish Grand Prix;22/05/2011
846;2011;6;Monaco Grand Prix;29/05/2011
847;2011;7;Canadian Grand Prix;12/06/2011
848;2011;12;European Grand Prix;26/06/2011
849;2011;9;British Grand Prix;10/07/2011
850;2011;20;German Grand Prix;24/07/2011
851;2011;11;Hungarian Grand Prix;31/07/2011
852;2011;13;Belgian Grand Prix;28/08/2011
853;2011;14;Italian Grand Prix;11/09/2011
854;2011;15;Singapore Grand Prix;25/09/2011
855;2011;22;Japanese Grand Prix;09/10/2011
856;2011;35;Korean Grand Prix;16/10/2011
857;2011;68;Indian Grand Prix;30/10/2011
858;2011;24;Abu Dhabi Grand Prix;13/11/2011
859;2011;18;Brazilian Grand Prix;27/11/2011
860;2012;1;Australian Grand Prix;18/03/2012
861;2012;2;Malaysian Grand Prix;25/03/2012
862;2012;17;Chinese Grand Prix;15/04/2012
863;2012;3;Bahrain Grand Prix;22/04/2012
864;2012;4;Spanish Grand Prix;13/05/2012
865;2012;6;Monaco Grand Prix;27/05/2012
866;2012;7;Canadian Grand Prix;10/06/2012
867;2012;12;European Grand Prix;24/06/2012
868;2012;9;British Grand Prix;08/07/2012
869;2012;10;German Grand Prix;22/07/2012
870;2012;11;Hungarian Grand Prix;29/07/2012
871;2012;13;Belgian Grand Prix;02/09/2012
872;2012;14;Italian Grand Prix;09/09/2012
873;2012;15;Singapore Grand Prix;23/09/2012
874;2012;22;Japanese Grand Prix;07/10/2012
875;2012;35;Korean Grand Prix;14/10/2012
876;2012;68;Indian Grand Prix;28/10/2012
877;2012;24;Abu Dhabi Grand Prix;04/11/2012
878;2012;69;United States Grand Prix;18/11/2012
879;2012;18;Brazilian Grand Prix;25/11/2012
880;2013;1;Australian Grand Prix;17/03/2013
881;2013;2;Malaysian Grand Prix;24/03/2013
882;2013;17;Chinese Grand Prix;14/04/2013
883;2013;3;Bahrain Grand Prix;21/04/2013
884;2013;4;Spanish Grand Prix;12/05/2013
885;2013;6;Monaco Grand Prix;26/05/2013
886;2013;7;Canadian Grand Prix;09/06/2013
887;2013;9;British Grand Prix;30/06/2013
888;2013;20;German Grand Prix;07/07/2013
890;2013;11;Hungarian Grand Prix;28/07/2013
891;2013;13;Belgian Grand Prix;25/08/2013
892;2013;14;Italian Grand Prix;08/09/2013
893;2013;15;Singapore Grand Prix;22/09/2013
894;2013;35;Korean Grand Prix;06/10/2013
895;2013;22;Japanese Grand Prix;13/10/2013
896;2013;68;Indian Grand Prix;27/10/2013
897;2013;24;Abu Dhabi Grand Prix;03/11/2013
898;2013;69;United States Grand Prix;17/11/2013
899;2013;18;Brazilian Grand Prix;24/11/2013
900;2014;1;Australian Grand Prix;16/03/2014
901;2014;2;Malaysian Grand Prix;30/03/2014
902;2014;3;Bahrain Grand Prix;06/04/2014
903;2014;17;Chinese Grand Prix;20/04/2014
904;2014;4;Spanish Grand Prix;11/05/2014
905;2014;6;Monaco Grand Prix;25/05/2014
906;2014;7;Canadian Grand Prix;08/06/2014
907;2014;70;Austrian Grand Prix;22/06/2014
908;2014;9;British Grand Prix;06/07/2014
909;2014;10;German Grand Prix;20/07/2014
910;2014;11;Hungarian Grand Prix;27/07/2014
911;2014;13;Belgian Grand Prix;24/08/2014
912;2014;14;Italian Grand Prix;07/09/2014
913;2014;15;Singapore Grand Prix;21/09/2014
914;2014;22;Japanese Grand Prix;05/10/2014
915;2014;71;Russian Grand Prix;12/10/2014
916;2014;69;United States Grand Prix;02/11/2014
917;2014;18;Brazilian Grand Prix;09/11/2014
918;2014;24;Abu Dhabi Grand Prix;23/11/2014
931;2015;6;Monaco Grand Prix;24/05/2015
932;2015;7;Canadian Grand Prix;07/06/2015
929;2015;3;Bahrain Grand Prix;19/04/2015
930;2015;4;Spanish Grand Prix;10/05/2015
928;2015;17;Chinese Grand Prix;12/04/2015
926;2015;1;Australian Grand Prix;15/03/2015
927;2015;2;Malaysian Grand Prix;29/03/2015
933;2015;70;Austrian Grand Prix;21/06/2015
934;2015;9;British Grand Prix;05/07/2015
936;2015;11;Hungarian Grand Prix;26/07/2015
937;2015;13;Belgian Grand Prix;23/08/2015
938;2015;14;Italian Grand Prix;06/09/2015
939;2015;15;Singapore Grand Prix;20/09/2015
940;2015;22;Japanese Grand Prix;27/09/2015
941;2015;71;Russian Grand Prix;11/10/2015
942;2015;69;United States Grand Prix;25/10/2015
943;2015;32;Mexican Grand Prix;01/11/2015
944;2015;18;Brazilian Grand Prix;15/11/2015
945;2015;24;Abu Dhabi Grand Prix;29/11/2015
948;2016;1;Australian Grand Prix;20/03/2016
949;2016;3;Bahrain Grand Prix;03/04/2016
950;2016;17;Chinese Grand Prix;17/04/2016
951;2016;71;Russian Grand Prix;01/05/2016
952;2016;4;Spanish Grand Prix;15/05/2016
953;2016;6;Monaco Grand Prix;29/05/2016
954;2016;7;Canadian Grand Prix;12/06/2016
955;2016;73;European Grand Prix;19/06/2016
956;2016;70;Austrian Grand Prix;03/07/2016
957;2016;9;British Grand Prix;10/07/2016
958;2016;11;Hungarian Grand Prix;24/07/2016
959;2016;10;German Grand Prix;31/07/2016
960;2016;13;Belgian Grand Prix;28/08/2016
961;2016;14;Italian Grand Prix;04/09/2016
962;2016;15;Singapore Grand Prix;18/09/2016
963;2016;2;Malaysian Grand Prix;02/10/2016
964;2016;22;Japanese Grand Prix;09/10/2016
965;2016;69;United States Grand Prix;23/10/2016
966;2016;32;Mexican Grand Prix;30/10/2016
967;2016;18;Brazilian Grand Prix;13/11/2016
968;2016;24;Abu Dhabi Grand Prix;27/11/2016
969;2017;1;Australian Grand Prix;26/03/2017
970;2017;17;Chinese Grand Prix;09/04/2017
971;2017;3;Bahrain Grand Prix;16/04/2017
972;2017;71;Russian Grand Prix;30/04/2017
973;2017;4;Spanish Grand Prix;14/05/2017
974;2017;6;Monaco Grand Prix;28/05/2017
975;2017;7;Canadian Grand Prix;11/06/2017
976;2017;73;Azerbaijan Grand Prix;25/06/2017
977;2017;70;Austrian Grand Prix;09/07/2017
978;2017;9;British Grand Prix;16/07/2017
979;2017;11;Hungarian Grand Prix;30/07/2017
980;2017;13;Belgian Grand Prix;27/08/2017
981;2017;14;Italian Grand Prix;03/09/2017
982;2017;15;Singapore Grand Prix;17/09/2017
983;2017;2;Malaysian Grand Prix;01/10/2017
984;2017;22;Japanese Grand Prix;08/10/2017
985;2017;69;United States Grand Prix;22/10/2017
986;2017;32;Mexican Grand Prix;29/10/2017
987;2017;18;Brazilian Grand Prix;12/11/2017
988;2017;24;Abu Dhabi Grand Prix;26/11/2017
989;2018;1;Australian Grand Prix;25/03/2018
990;2018;3;Bahrain Grand Prix;08/04/2018
991;2018;17;Chinese Grand Prix;15/04/2018
992;2018;73;Azerbaijan Grand Prix;29/04/2018
993;2018;4;Spanish Grand Prix;13/05/2018
994;2018;6;Monaco Grand Prix;27/05/2018
995;2018;7;Canadian Grand Prix;10/06/2018
996;2018;34;French Grand Prix;24/06/2018
997;2018;70;Austrian Grand Prix;01/07/2018
998;2018;9;British Grand Prix;08/07/2018
999;2018;10;German Grand Prix;22/07/2018
1000;2018;11;Hungarian Grand Prix;29/07/2018
1001;2018;13;Belgian Grand Prix;26/08/2018
1002;2018;14;Italian Grand Prix;02/09/2018
1003;2018;15;Singapore Grand Prix;16/09/2018
1004;2018;71;Russian Grand Prix;30/09/2018
1005;2018;22;Japanese Grand Prix;07/10/2018
1006;2018;69;United States Grand Prix;21/10/2018
1007;2018;32;Mexican Grand Prix;28/10/2018
1008;2018;18;Brazilian Grand Prix;11/11/2018
1009;2018;24;Abu Dhabi Grand Prix;25/11/2018
1010;2019;1;Australian Grand Prix;17/03/2019
1011;2019;3;Bahrain Grand Prix;31/03/2019
1012;2019;17;Chinese Grand Prix;14/04/2019
1013;2019;73;Azerbaijan Grand Prix;28/04/2019
1014;2019;4;Spanish Grand Prix;12/05/2019
1015;2019;6;Monaco Grand Prix;26/05/2019
1016;2019;7;Canadian Grand Prix;09/06/2019
1017;2019;34;French Grand Prix;23/06/2019
1018;2019;70;Austrian Grand Prix;30/06/2019
1019;2019;9;British Grand Prix;14/07/2019
1020;2019;10;German Grand Prix;28/07/2019
1021;2019;11;Hungarian Grand Prix;04/08/2019
1022;2019;13;Belgian Grand Prix;01/09/2019
1023;2019;14;Italian Grand Prix;08/09/2019
1024;2019;15;Singapore Grand Prix;22/09/2019
1025;2019;71;Russian Grand Prix;29/09/2019
1026;2019;22;Japanese Grand Prix;13/10/2019
1027;2019;32;Mexican Grand Prix;27/10/2019
1028;2019;69;United States Grand Prix;03/11/2019
1029;2019;18;Brazilian Grand Prix;17/11/2019
1030;2019;24;Abu Dhabi Grand Prix;01/12/2019
1031;2020;70;Austrian Grand Prix;05/07/2020
1032;2020;70;Styrian Grand Prix;12/07/2020
1033;2020;11;Hungarian Grand Prix;19/07/2020
1034;2020;9;British Grand Prix;02/08/2020
1035;2020;9;70th Anniversary Grand Prix;09/08/2020
1036;2020;4;Spanish Grand Prix;16/08/2020
1037;2020;13;Belgian Grand Prix;30/08/2020
1038;2020;14;Italian Grand Prix;06/09/2020
1039;2020;76;Tuscan Grand Prix;13/09/2020
1040;2020;71;Russian Grand Prix;27/09/2020
1041;2020;20;Eifel Grand Prix;11/10/2020
1042;2020;75;Portuguese Grand Prix;25/10/2020
1043;2020;21;Emilia Romagna Grand Prix;01/11/2020
1044;2020;5;Turkish Grand Prix;15/11/2020
1045;2020;3;Bahrain Grand Prix;29/11/2020
1046;2020;3;Sakhir Grand Prix;06/12/2020
1047;2020;24;Abu Dhabi Grand Prix;13/12/2020
1053;2021;21;Emilia Romagna Grand Prix;18/04/2021
1074;2022;3;Bahrain Grand Prix;20/03/2022
1052;2021;3;Bahrain Grand Prix;28/03/2021
1051;2021;78;Qatar Grand Prix;21/11/2021
1054;2021;75;Portuguese Grand Prix;02/05/2021
1055;2021;4;Spanish Grand Prix;09/05/2021
1056;2021;6;Monaco Grand Prix;23/05/2021
1057;2021;73;Azerbaijan Grand Prix;06/06/2021
1058;2021;70;Styrian Grand Prix;27/06/2021
1059;2021;34;French Grand Prix;20/06/2021
1060;2021;70;Austrian Grand Prix;04/07/2021
1061;2021;9;British Grand Prix;18/07/2021
1062;2021;11;Hungarian Grand Prix;01/08/2021
1063;2021;13;Belgian Grand Prix;29/08/2021
1064;2021;39;Dutch Grand Prix;05/09/2021
1065;2021;14;Italian Grand Prix;12/09/2021
1066;2021;71;Russian Grand Prix;26/09/2021
1067;2021;5;Turkish Grand Prix;10/10/2021
1069;2021;69;United States Grand Prix;24/10/2021
1070;2021;32;Mexico City Grand Prix;07/11/2021
1071;2021;18;São Paulo Grand Prix;14/11/2021
1072;2021;77;Saudi Arabian Grand Prix;05/12/2021
1073;2021;24;Abu Dhabi Grand Prix;12/12/2021
1075;2022;77;Saudi Arabian Grand Prix;27/03/2022
1076;2022;1;Australian Grand Prix;10/04/2022
1077;2022;21;Emilia Romagna Grand Prix;24/04/2022
1078;2022;79;Miami Grand Prix;08/05/2022
1079;2022;4;Spanish Grand Prix;22/05/2022
1080;2022;6;Monaco Grand Prix;29/05/2022
1081;2022;73;Azerbaijan Grand Prix;12/06/2022
1082;2022;7;Canadian Grand Prix;19/06/2022
1083;2022;9;British Grand Prix;03/07/2022
1084;2022;70;Austrian Grand Prix;10/07/2022
1085;2022;34;French Grand Prix;24/07/2022
1086;2022;11;Hungarian Grand Prix;31/07/2022
1087;2022;13;Belgian Grand Prix;28/08/2022
1088;2022;39;Dutch Grand Prix;04/09/2022
1089;2022;14;Italian Grand Prix;11/09/2022
1091;2022;15;Singapore Grand Prix;02/10/2022
1092;2022;22;Japanese Grand Prix;09/10/2022
1093;2022;69;United States Grand Prix;23/10/2022
1094;2022;32;Mexico City Grand Prix;30/10/2022
1095;2022;18;Brazilian Grand Prix;13/11/2022
1096;2022;24;Abu Dhabi Grand Prix;20/11/2022
